,Breakdown,Ticker,Company,Total Revenue,Operating Revenue,Cost of Revenue,Gross Profit,Operating Expense,Selling General and Administrative,General & Administrative Expense,Other G and A,Selling & Marketing Expense,Research & Development,Other Operating Expenses,Operating Income,Net Non Operating Interest Income Expense,Interest Income Non Operating,Interest Expense Non Operating,Other Income Expense,Gain on Sale of Security,Other Non Operating Income Expenses,Pretax Income,Tax Provision,Earnings from Equity Interest Net of Tax,Net Income Common Stockholders,Net Income,Net Income Including Non-Controlling Interests,Net Income Continuous Operations,Diluted NI Available to Com Stockholders,Basic EPS,Diluted EPS,Basic Average Shares,Diluted Average Shares,Total Operating Income as Reported,Total Expenses,Net Income from Continuing & Discontinued Operation,Normalized Income,Interest Income,Interest Expense,Net Interest Income,EBIT,EBITDA,Reconciled Cost of Revenue,Reconciled Depreciation,Net Income from Continuing Operation Net Minority Interest,Total Unusual Items Excluding Goodwill,Total Unusual Items,Normalized EBITDA,Tax Rate for Calcs,Tax Effect of Unusual Items,Total Other Finance Cost,Earnings from Equity Interest,Special Income Charges,Other Special Charges,Net Income Discontinuous Operations,Otherunder Preferred Stock Dividend,Average Dilution Earnings,Depreciation Amortization Depletion,Depreciation & amortization,Gain on Sale of Business,Minority Interests,Amortization,Amortization of Intangibles,Restructuring & Mergers Acquisition,Impairment of Capital Assets,Preferred Stock Dividends,Write Off
1,TTM,AMZN,"Amazon.com, Inc.","296,274,000","296,274,000","219,035,000","77,239,000","63,129,000","25,524,000","5,482,000","5,482,000","20,042,000","37,329,000","276,000","14,110,000","-785,000","851,000","1,636,000","-367,000","-367,000","-367,000","12,958,000","2,282,000","-114,000","10,562,000","10,562,000","10,562,000","10,562,000","10,562,000",,,,,"14,110,000","282,164,000","10,562,000","10,562,000","851,000","1,636,000","-785,000","14,594,000","36,891,000","219,035,000","22,297,000","10,562,000","-367,000","-367,000","36,891,000",0,0,,,,,,,,,,,,,,,,,
2,12/31/2019,AMZN,"Amazon.com, Inc.","280,522,000","280,522,000","205,768,000","74,754,000","60,213,000","24,081,000","5,203,000","5,203,000","18,878,000","35,931,000","201,000","14,541,000","-768,000","832,000","1,600,000","203,000","203,000","203,000","13,976,000","2,374,000","-14,000","11,588,000","11,588,000","11,588,000","11,588,000","11,588,000",0.0235,0.023,"494,000","504,000","14,541,000","265,981,000","11,588,000","11,588,000","832,000","1,600,000","-768,000","15,576,000",,"205,768,000","21,789,000","11,588,000","203,000","203,000","37,365,000",0,0,,,,,,,,,,,,,,,,,
3,12/31/2018,AMZN,"Amazon.com, Inc.","232,887,000","232,887,000","173,183,000","59,704,000","47,283,000","18,150,000","4,336,000","4,336,000","13,814,000","28,837,000","296,000","12,421,000","-977,000","440,000","1,417,000","-183,000","-183,000","-183,000","11,261,000","1,197,000","9,000","10,073,000","10,073,000","10,073,000","10,073,000","10,073,000",0.0207,0.0201,"487,000","500,000","12,421,000","220,466,000","10,073,000","10,073,000","440,000","1,417,000","-977,000","12,678,000",,"173,183,000","15,341,000","10,073,000","-183,000","-183,000","28,019,000",0,0,,,,,,,,,,,,,,,,,
4,12/31/2017,AMZN,"Amazon.com, Inc.","177,866,000","177,866,000","137,183,000","40,683,000","36,577,000","13,743,000","3,674,000","3,674,000","10,069,000","22,620,000","214,000","4,106,000","-646,000","202,000","848,000","346,000","346,000","346,000","3,806,000","769,000","-4,000","3,033,000","3,033,000","3,033,000","3,033,000","3,033,000",0.0063,0.0062,"480,000","493,000","4,106,000","173,760,000","3,033,000","3,033,000","202,000","848,000","-646,000","4,654,000",,"137,183,000","11,478,000","3,033,000","346,000","346,000","16,132,000",0,0,,,,,,,,,,,,,,,,,
5,12/31/2016,AMZN,"Amazon.com, Inc.","135,987,000","135,987,000","105,884,000","30,103,000","25,917,000","9,665,000","2,432,000","2,432,000","7,233,000","16,085,000","167,000","4,186,000","-384,000","100,000","484,000","90,000","90,000","90,000","3,892,000","1,425,000","-96,000","2,371,000","2,371,000","2,371,000","2,371,000","2,371,000",0.005,0.0049,"474,000","484,000","4,186,000","131,801,000","2,371,000","2,371,000","100,000","484,000","-384,000","4,376,000",,"105,884,000","8,116,000","2,371,000","90,000","90,000","12,492,000",0,0,,,,,,,,,,,,,,,,,
1,TTM,GOOG,Alphabet Inc.,"166,677,000","165,686,000","74,866,000","91,811,000","56,211,000","29,402,000","10,343,000","10,343,000","19,059,000","26,809,000",,"35,600,000","2,405,000","2,491,000","86,000","1,231,000","863,000","-136,000","39,236,000","4,714,000",,"34,522,000","34,522,000","34,522,000","34,522,000","34,522,000",,,,,"35,600,000","131,077,000","34,522,000","33,762,685","2,491,000","86,000","2,405,000","39,322,000","51,598,000","74,866,000","12,276,000","34,522,000","863,000","863,000","50,735,000",0,"103,685",,"504,000",0,,,,,,,,,,,,,,
2,12/31/2019,GOOG,Alphabet Inc.,"161,857,000","160,743,000","71,896,000","89,961,000","54,033,000","28,015,000","9,551,000","9,551,000","18,464,000","26,018,000",,"35,928,000","2,327,000","2,427,000","100,000","1,370,000","2,901,000","-224,000","39,625,000","5,282,000",,"34,343,000","34,343,000","34,343,000","34,343,000","34,343,000",0.0496,0.0492,"692,596","698,556","34,231,000","125,929,000","34,343,000","33,299,132","2,427,000","100,000","2,327,000","39,725,000",,"71,896,000","11,781,000","34,343,000","1,204,000","1,204,000","50,302,000",0,"160,132","-5,394,000","390,000","-1,697,000","1,697,000",,,,,,,,,,,,,
3,12/31/2018,GOOG,Alphabet Inc.,"136,819,000","136,224,000","59,549,000","77,270,000","45,878,000","24,459,000","8,126,000","8,126,000","16,333,000","21,419,000",,"31,392,000","1,764,000","1,878,000","114,000","1,757,000","6,570,000","378,000","34,913,000","4,177,000",,"30,736,000","30,736,000","30,736,000","30,736,000","30,736,000",0.0442,0.0437,"695,070","703,341","26,321,000","105,427,000","30,736,000","29,416,880","1,878,000","114,000","1,764,000","35,027,000",,"59,549,000","9,035,000","30,736,000","1,499,000","1,499,000","42,563,000",0,"179,880","-8,592,000","-120,000","-5,071,000","5,071,000",,,,,,,,,,,,,
4,12/31/2017,GOOG,Alphabet Inc.,"110,855,000","95,375,000","45,583,000","65,272,000","36,390,000","19,765,000","6,872,000","6,872,000","12,893,000","16,625,000",,"28,882,000","1,203,000","1,312,000","109,000","-2,892,000","-315,000","159,000","27,193,000","14,531,000",,"12,662,000","12,662,000","12,662,000","12,662,000","12,662,000",0.0183,0.018,"693,049","703,444","26,146,000","81,973,000","12,662,000","14,492,600","1,312,000","109,000","1,203,000","27,302,000",,"45,583,000","6,915,000","12,662,000","-3,051,000","-3,051,000","37,268,000",0,"-1,220,400","-1,047,000",,"-2,736,000","2,736,000",,0,,,,,,,,,,,
5,12/31/2016,GOOG,Alphabet Inc.,"90,272,000","79,383,000","35,138,000","55,134,000","31,418,000","17,470,000","6,985,000","6,985,000","10,485,000","13,948,000",,"23,716,000","1,096,000","1,220,000","124,000","-662,000","-750,000","88,000","24,150,000","4,672,000",,"19,478,000","19,478,000","19,478,000","19,478,000","19,478,000",0.0283,0.0279,"687,782","699,390","23,716,000","66,556,000","19,478,000","20,083,250","1,220,000","124,000","1,096,000","24,274,000",,"35,138,000","6,144,000","19,478,000","-750,000","-750,000","31,168,000",0,"-144,750","-434,000",,,,0,0,,,,,,,,,,,
1,TTM,FB,"Facebook, Inc.","73,357,000","72,183,000","13,413,000","59,944,000","33,382,000","18,627,000","7,984,000","7,984,000","10,643,000","14,755,000",,"26,562,000","934,000","954,000",,"-305,000",,"-200,000","27,191,000","6,233,000",,"20,958,000","20,958,000","20,958,000","20,958,000","20,958,000",,,,,"26,562,000","46,795,000","20,958,000","20,958,000","954,000",,"934,000","27,408,000","33,391,000","13,413,000","5,983,000","20,958,000",,,"33,391,000",0,0,,,,,,,,,,,,,,,,,
2,12/31/2019,FB,"Facebook, Inc.","70,697,000","69,655,000","12,770,000","57,927,000","33,941,000","20,341,000","10,465,000","10,465,000","9,876,000","13,600,000",,"23,986,000","904,000","924,000","20,000","-78,000","-105,000","27,000","24,812,000","6,327,000",,"18,485,000","18,485,000","18,485,000","18,485,000","18,485,000",0.0065,0.0064,"2,854,000","2,876,000","23,986,000","46,711,000","18,485,000","18,563,225","924,000","20,000","904,000","24,832,000",,"12,770,000","5,741,000","18,485,000","-105,000","-105,000","30,678,000",0,"-26,775","-826,000",,,,,0,0,,,,,,,,,,
3,12/31/2018,FB,"Facebook, Inc.","55,838,000","55,013,000","9,355,000","46,483,000","21,570,000","11,297,000","3,451,000","3,451,000","7,846,000","10,273,000",,"24,913,000","652,000","661,000","9,000","-204,000","-213,000","9,000","25,361,000","3,249,000",,"22,111,000","22,112,000","22,112,000","22,112,000","22,112,000",0.0077,0.0076,"2,890,000","2,921,000","24,913,000","30,925,000","22,112,000","22,297,310","661,000","9,000","652,000","25,370,000",,"9,355,000","4,315,000","22,112,000","-213,000","-213,000","29,898,000",0,"-27,690","-448,000",,,,,"1,000","1,000",,,,,,,,,,
4,12/31/2017,FB,"Facebook, Inc.","40,653,000","39,942,000","5,454,000","35,199,000","14,996,000","7,242,000","2,517,000","2,517,000","4,725,000","7,754,000",,"20,203,000","392,000","398,000","6,000","-1,000","-6,000","5,000","20,594,000","4,660,000",,"15,920,000","15,934,000","15,934,000","15,934,000","15,934,000",0.0055,0.0054,"2,901,000","2,956,000","20,203,000","20,450,000","15,934,000","15,938,620","398,000","6,000","392,000","20,600,000",,"5,454,000","3,025,000","15,934,000","-6,000","-6,000","23,631,000",0,"-1,380","-391,000",,,,,"14,000","14,000",,,,,,,,,,
5,12/31/2016,FB,"Facebook, Inc.","27,638,000","26,885,000","3,789,000","23,849,000","11,422,000","5,503,000","1,731,000","1,731,000","3,772,000","5,919,000",,"12,427,000","166,000","176,000","10,000","-75,000","-76,000","1,000","12,518,000","2,301,000",,"10,188,000","10,217,000","10,217,000","10,217,000","10,217,000",0.0036,0.0035,"2,863,000","2,925,000","12,427,000","15,211,000","10,217,000","10,279,320","176,000","10,000","166,000","12,528,000",,"3,789,000","2,342,000","10,217,000","-76,000","-76,000","14,946,000",0,"-13,680","-91,000",,,,,"29,000","29,000",,,,,,,,,,
1,TTM,NFLX,"Netflix, Inc.","21,403,146","21,403,146","13,169,300","8,233,846","5,130,420","3,504,218","964,504","964,504","2,539,714","1,626,202",,"3,103,426","-644,984","29,593","674,577",,,,"2,458,442","226,511",,"2,231,931","2,231,931","2,231,931","2,231,931","2,231,931",,,,,"3,103,426","18,299,720","2,231,931","2,231,931","29,593","674,577","-644,984","3,133,019","12,816,500","13,169,300","9,683,481","2,231,931",,,"12,816,500",0,0,,,,,,,,,,,,,,,,,
2,12/31/2019,NFLX,"Netflix, Inc.","20,156,447","20,156,447","12,440,213","7,716,234","5,111,980","3,566,831","914,369","914,369","2,652,462","1,545,149",,"2,604,254","-542,023","84,000","626,023",,,,"2,062,231","195,315",,"1,866,916","1,866,916","1,866,916","1,866,916","1,866,916",0.0043,0.0041,"437,799","451,765","2,604,254","17,552,193","1,866,916","1,866,916","84,000","626,023","-542,023","2,688,254",,"12,440,213","9,319,826","1,866,916",,,"12,008,080",0,0,,,,,,,,,,,,,,,,,
3,12/31/2018,NFLX,"Netflix, Inc.","15,794,341","15,794,341","9,967,538","5,826,803","4,221,577","2,999,763","630,294","630,294","2,369,469","1,221,814",,"1,605,226","-378,768","41,725","420,493",,,,"1,226,458","15,216",,"1,211,242","1,211,242","1,211,242","1,211,242","1,211,242",0.0028,0.0027,"435,374","451,244","1,605,226","14,189,115","1,211,242","1,211,242","41,725","420,493","-378,768","1,646,951",,"9,967,538","7,656,457","1,211,242",,,"9,303,408",0,0,,,,,,,,,,,,,,,,,
4,12/31/2017,NFLX,"Netflix, Inc.","11,692,713","11,692,713","7,659,666","4,033,047","3,194,368","2,141,590","863,568","863,568","1,278,022","1,052,778",,"838,679","-353,358","-115,154","353,358",,,,"485,321","-73,608",,"558,929","558,929","558,929","558,929","558,929",0.0013,0.0013,"431,885","446,814","838,679","10,854,034","558,929","558,929","-115,154","353,358","-353,358","838,679",,"7,659,666","6,330,385","558,929",,,"7,169,064",0,0,,,,,,,,,,,,,,,,,
5,12/31/2016,NFLX,"Netflix, Inc.","8,830,669","8,830,669","6,029,901","2,800,768","2,420,975","1,568,877","577,799","577,799","991,078","852,098",,"379,793","-119,286","30,828","150,114",,,,"260,507","73,829",,"186,678","186,678","186,678","186,678","186,678",0,0,"428,822","438,652","379,793","8,450,876","186,678","186,678","30,828","150,114","-119,286","410,621",,"6,029,901","4,924,978","186,678",,,"5,335,599",0,0,,,,,,,,,,,,,,,,,
1,TTM,SNAP,Snap Inc.,"1,857,586","1,857,586","945,481","912,105","1,985,736","1,079,799","596,878","596,878","482,921","905,937",,"-1,073,631","-2,536","36,815","39,351","47,751",,"47,751","-1,028,416",773,,"-1,029,189","-1,029,189","-1,029,189","-1,029,189","-1,029,189",,,,,"-1,073,631","2,931,217","-1,029,189","-1,029,189","36,815","39,351","-2,536","-989,065","-903,935","945,481","85,130","-1,029,189",,,"-903,935",0,0,,,,,,,,,,,,,,,,,
2,12/31/2019,SNAP,Snap Inc.,"1,715,534","1,715,534","895,838","819,696","1,923,024","1,039,515","580,917","580,917","458,598","883,509",,"-1,103,328","11,048","36,042","24,994","59,013",,"59,013","-1,033,267",393,,"-1,033,660","-1,033,660","-1,033,660","-1,033,660","-1,033,660",0,0,"1,375,462","1,375,462","-1,103,328","2,818,862","-1,033,660","-1,033,660","36,042","24,994","11,048","-1,008,273",,"895,838","87,245","-1,033,660",,,"-921,028",0,0,,,,,,,,,,,,,,,,,
3,12/31/2018,SNAP,Snap Inc.,"1,180,446","1,180,446","798,865","381,581","1,650,031","877,846","477,022","477,022","400,824","772,185",,"-1,268,450","23,334","27,228","3,894","-8,248",,"-8,248","-1,253,364","2,547",,"-1,255,911","-1,255,911","-1,255,911","-1,255,911","-1,255,911",0,0,"1,300,568","1,300,568","-1,268,450","2,448,896","-1,255,911","-1,255,911","27,228","3,894","23,334","-1,249,470",,"798,865","91,648","-1,255,911",,,"-1,157,822",0,0,,,,,,,,,,,,,,,,,
4,12/31/2017,SNAP,Snap Inc.,"824,949","824,949","717,462","107,487","3,593,063","2,058,200","1,535,595","1,535,595","522,605","1,534,863",,"-3,485,576","17,640","21,096","3,456","4,528",,"4,528","-3,463,408","-18,342",,"-3,445,066","-3,445,066","-3,445,066","-3,445,066","-3,445,066",-0.003,-0.003,"1,167,819","1,167,819","-3,485,576","4,310,525","-3,445,066","-3,445,066","21,096","3,456","17,640","-3,459,952",,"717,462","61,288","-3,445,066",,,"-3,398,664",0,0,,,,,,,,,,,,,,,,,
5,12/31/2016,SNAP,Snap Inc.,"404,482","404,482","451,660","-47,178","473,207","289,531","165,160","165,160","124,371","183,676",,"-520,385","3,230","4,654","1,424","-4,568",,"-4,568","-521,723","-7,080",,"-514,643","-514,643","-514,643","-514,643","-514,643",0,0,"1,016,713","1,016,713","-520,385","924,867","-514,643","-514,643","4,654","1,424","3,230","-520,299",,"451,660","29,115","-514,643",,,"-491,184",0,0,,,,,,,,,,,,,,,,,
1,TTM,TWTR,"Twitter, Inc.","3,480,076","3,480,076","1,157,067","2,323,009","2,057,737","1,321,314","392,013","392,013","929,301","736,423",,"265,272","15,869","150,059","134,190","-3,040",,"-3,040","278,101","-988,358",,"1,266,459","1,266,459","1,266,459","1,266,459","1,266,459",,,,,"265,272","3,214,804","1,266,459","1,266,459","150,059","134,190","15,869","412,291","885,015","1,157,067","472,724","1,266,459",,,"885,015",0,0,,,,,,,,,,,,,,,,,
2,12/31/2019,TWTR,"Twitter, Inc.","3,459,329","3,459,329","1,137,041","2,322,288","1,955,915","1,273,634","359,821","359,821","913,813","682,281",,"366,373","19,523","157,703","138,180","4,243",,"4,243","390,139","-1,075,520",,"1,465,659","1,465,659","1,465,659","1,465,659","1,465,659",0.0019,0.0019,"770,729","785,531","366,373","3,092,956","1,465,659","1,465,659","157,703","138,180","19,523","528,319",,"1,137,041","465,549","1,465,659",,,"993,868",0,0,,,,,,,,,,,,,,,,,
3,12/31/2018,TWTR,"Twitter, Inc.","3,042,359","3,042,359","964,997","2,077,362","1,624,037","1,070,179","298,818","298,818","771,361","553,858",,"453,325","-21,385","111,221","132,606","-8,396",,"-8,396","423,544","-782,052",,"1,205,596","1,205,596","1,205,596","1,205,596","1,205,596",0.0016,0.0016,"754,326","772,686","453,325","2,589,034","1,205,596","1,205,596","111,221","132,606","-21,385","556,150",,"964,997","425,498","1,205,596",,,"981,648",0,0,,,,,,,,,,,,,,,,,
4,12/31/2017,TWTR,"Twitter, Inc.","2,443,299","2,443,299","861,242","1,582,057","1,543,317","1,001,307","283,888","283,888","717,419","542,010",,"38,740","-105,237",,"105,237","-28,921",,"-28,921","-95,418","12,645",,"-108,063","-108,063","-108,063","-108,063","-108,063",0,0,"732,702","732,702","38,740","2,404,559","-108,063","-108,063",,"105,237","-105,237","9,819",,"861,242","395,867","-108,063",,,"405,686",0,0,,,,,,,,,,,,,,,,,
5,12/31/2016,TWTR,"Twitter, Inc.","2,529,619","2,529,619","932,240","1,597,379","1,964,587","1,251,105","293,276","293,276","957,829","713,482",,"-367,208","-74,668","25,300","99,968","1,000","5,800","-4,800","-440,834","16,039",,"-456,873","-456,873","-456,873","-456,873","-456,873",0,0,"702,135","702,135","-367,208","2,896,827","-456,873","-460,353","25,300","99,968","-74,668","-340,866",,"932,240","402,172","-456,873","5,800","5,800","55,506",0,"2,320",,,,,,,,,,,,,,,,,
1,TTM,PINS,"Pinterest, Inc.","1,212,790","1,212,790","384,441","828,349","2,318,479","1,038,160","385,937","385,937","652,223","1,280,319",,"-1,490,130","29,542","33,256","3,714",,,,"-1,460,588",559,,"-1,461,147","-1,461,147","-1,461,147","-1,461,147","-1,461,147",,,,,"-1,490,130","2,702,920","-1,461,147","-1,461,147","33,256","3,714","29,542","-1,456,874","-1,423,033","384,441","33,841","-1,461,147",,,"-1,423,033",0,0,,,,,,,,,,,,,,,,,
2,12/31/2019,PINS,"Pinterest, Inc.","1,142,761","1,142,761","358,903","783,858","2,172,724","965,665","354,075","354,075","611,590","1,207,059",,"-1,388,866","28,027","30,164","2,137",,,,"-1,360,839",532,,"-1,361,371","-1,361,371","-1,361,371","-1,361,371","-1,361,371",-0.0032,-0.0032,"420,473","420,473","-1,388,866","2,531,627","-1,361,371","-1,361,371","30,164","2,137","28,027","-1,358,702",,"358,903","27,791","-1,361,371",,,"-1,330,911",0,0,,,,,,0,,,,,,,,,,,
3,12/31/2018,PINS,"Pinterest, Inc.","755,932","755,932","241,584","514,348","589,069","337,407","77,478","77,478","259,929","251,662",,"-74,721","12,157","13,152",995,,,,"-62,564",410,,"-62,974","-62,974","-62,974","-62,974","-62,974",0,0,"448,639","448,639","-74,721","830,653","-62,974","-62,974","13,152",995,"12,157","-61,569",,"241,584","20,859","-62,974",,,"-40,710",0,0,,,,,,,,,,,,,,,,,
4,12/31/2017,PINS,"Pinterest, Inc.","472,852","472,852","178,664","294,188","432,122","224,149","61,635","61,635","162,514","207,973",,"-137,934","8,201","8,313",112,,,,"-129,733",311,,"-130,044","-130,044","-130,044","-130,044","-130,044",0,0,"448,639","448,639","-137,934","610,786","-130,044","-130,044","8,313",112,"8,201","-129,621",,"178,664","16,135","-130,044",,,"-113,486",0,0,,,,,,,,,,,,,,,,,
1,TTM,UBER,"Uber Technologies, Inc.","14,591,000","14,348,000","7,313,000","7,278,000","16,103,000","8,206,000","3,735,000","3,735,000","4,471,000","5,072,000","2,371,000","-8,825,000","-232,000","228,000","460,000","-1,561,000","-312,000","16,000","-10,618,000","-216,000","-40,000","-10,430,000","-10,430,000","-10,442,000","-10,442,000","-10,418,000",,,,,"-8,825,000","23,416,000","-10,430,000","-8,885,081","228,000","460,000","-232,000","-10,158,000","-9,704,000","7,313,000","454,000","-10,430,000","-1,577,000","-1,577,000","-8,127,000",0,"-32,081",,,"-1,265,000",,,,"12,000","454,000","454,000","154,000","12,000",,,,,,
2,12/31/2019,UBER,"Uber Technologies, Inc.","14,147,000","13,916,000","7,208,000","6,939,000","15,535,000","7,925,000","3,299,000","3,299,000","4,626,000","4,836,000","2,302,000","-8,596,000","-325,000","234,000","559,000","488,000","20,000","24,000","-8,433,000","45,000","-34,000","-8,506,000","-8,506,000","-8,512,000","-8,512,000","-8,506,000",-0.0068,-0.0068,"1,248,353","1,248,353","-8,596,000","22,743,000","-8,506,000","-8,844,720","234,000","559,000","-325,000","-7,874,000",,"7,208,000","472,000","-8,506,000","464,000","464,000","-7,866,000",0,"125,280",,,"444,000","-444,000",,0,0,"472,000","472,000",0,"6,000",,,,,,
3,12/31/2018,UBER,"Uber Technologies, Inc.","11,270,000","10,785,000","5,623,000","5,647,000","8,680,000","5,233,000","2,082,000","2,082,000","3,151,000","1,505,000","1,516,000","-3,033,000","-544,000","104,000","648,000","4,889,000","1,450,000","225,000","1,312,000","283,000","-42,000","1,938,000","997,000","987,000","987,000","1,926,000",0.0013,0.0013,"1,458,714","1,525,531","-3,033,000","14,303,000","997,000","-2,660,970","104,000","648,000","-544,000","1,960,000",,"5,623,000","426,000","997,000","4,664,000","4,664,000","-2,278,000",0,"1,006,030",,,"3,214,000",,0,"-941,000","-12,000","426,000","426,000","3,214,000","10,000",,,,,,
4,12/31/2017,UBER,"Uber Technologies, Inc.","7,932,000","7,887,000","4,160,000","3,772,000","7,852,000","4,787,000","2,263,000","2,263,000","2,524,000","1,201,000","1,354,000","-4,080,000","-408,000","71,000","479,000","-87,000","-131,000","44,000","-4,575,000","-542,000",0,"-4,033,000","-4,033,000","-4,033,000","-4,033,000","-4,033,000",-0.0028,-0.0028,"1,458,714","1,525,531","-4,080,000","12,012,000","-4,033,000","-3,917,458","71,000","479,000","-408,000","-4,096,000",,"4,160,000","510,000","-4,033,000","-131,000","-131,000","-3,455,000",0,"-15,458",,,0,,0,0,0,"510,000","510,000",0,0,,,,,,
5,12/31/2016,UBER,"Uber Technologies, Inc.","3,845,000","3,826,000","2,228,000","1,617,000","4,640,000","2,575,000","981,000","981,000","1,594,000","864,000","881,000","-3,023,000","-312,000","22,000","334,000","117,000","51,000","66,000","-3,218,000","28,000",0,"-370,000","-370,000","-370,000","-3,246,000","-370,000",0,0,"1,458,714","1,525,531","-3,023,000","6,868,000","-370,000","-3,276,600","22,000","334,000","-312,000","-2,884,000",,"2,201,000","347,000","-3,246,000","51,000","51,000","-2,588,000",0,"20,400",,,0,,"2,876,000",,,"320,000","320,000",0,0,,,,,,
1,TTM,LYFT,"Lyft, Inc.","3,795,645","3,795,645","2,287,796","1,507,849","3,467,544","1,751,462","1,016,032","1,217,250","735,430","1,133,419","582,663","-1,959,695","104,179","104,179",,"-3,722",,"-3,722","-1,859,238","2,603",,"-1,861,841","-1,861,841","-1,861,841","-1,861,841","-1,861,841",,,,,"-1,959,695","5,755,340","-1,861,841","-1,861,841","104,179",,"104,179","-1,959,695","-1,838,927","2,287,796","120,768","-1,861,841",,,"-1,838,927",0,0,,,,,,,,,,,,,,,,,
2,12/31/2019,LYFT,"Lyft, Inc.","3,615,960","3,615,960","2,176,469","1,439,491","4,141,971","2,000,215","1,186,093","1,186,093","814,122","1,505,640","636,116","-2,702,480","102,506","102,506",,89,,89,"-2,599,885","2,356",,"-2,602,241","-2,602,241","-2,602,241","-2,602,241","-2,602,241",-0.0114,-0.0114,"227,498","227,498","-2,702,480","6,318,440","-2,602,241","-2,602,241","102,506",,"102,506","-2,702,480",,"2,176,469","108,429","-2,602,241",,,"-2,594,051",0,0,,,,,,,,,,,,,,,,,
3,12/31/2018,LYFT,"Lyft, Inc.","2,156,616","2,156,616","1,243,400","913,216","1,890,927","1,251,689","447,938","447,938","803,751","300,836","338,402","-977,711","66,462",,,652,,652,"-910,597",738,,"-911,335","-911,335","-911,335","-911,335","-911,335",-0.0038,-0.0038,"237,946","237,946","-977,711","3,134,327","-911,335","-911,335",,,"66,462","-977,711",,"1,243,400","18,752","-911,335",,,"-958,959",0,0,"-66,462",,,,,,,,,,,,,,,,
4,12/31/2017,LYFT,"Lyft, Inc.","1,059,881","1,059,881","659,533","400,348","1,108,620","788,461","221,446","221,446","567,015","136,646","183,513","-708,272","20,243","20,243",,284,,284,"-687,745",556,,"-688,301","-688,301","-688,301","-688,301","-688,301",-0.0029,-0.0029,"237,946","237,946","-708,272","1,768,153","-688,301","-688,301","20,243",,"20,243","-708,272",,"659,533","2,611","-688,301",,,"-705,661",0,0,"-20,243",,,,,,,,,,,,,,,,
5,12/31/2016,LYFT,"Lyft, Inc.","343,298","343,298","279,011","64,287","756,890","594,306","159,962","159,962","434,344","64,704","97,880","-692,603","6,964",,,"3,246",,"3,246","-682,393",401,,"-682,794","-682,794","-682,794","-682,794","-682,794",-0.0029,-0.0029,"237,946","237,946","-692,603","1,035,901","-682,794","-682,794",,,"6,964","-692,603",,"279,011",527,"-682,794",,,"-692,076",0,0,"-6,964",,,,,,,,,,,,,,,,
1,TTM,0700.HK,Tencent Holdings Limited,"339,777,000","339,777,000","190,199,000","149,578,000","65,451,000","67,408,000","46,143,000",,"21,265,000",,"-1,957,000","84,127,000","-407,000","5,492,000","5,899,000",,,,"103,142,000","13,171,000",,"88,908,000","88,908,000","89,971,000","89,971,000","88,908,000",,,,,"109,412,000","255,650,000","88,908,000","74,745,000","5,492,000","5,899,000","-407,000","109,041,000","109,041,000","190,199,000","44,673,000","88,908,000","18,884,000","18,884,000","90,157,000",0,"4,721,000",,,,,,0,"-708,000",,,,"-1,063,000",,,,,,
2,12/31/2019,0700.HK,Tencent Holdings Limited,"377,289,000","377,289,000","209,756,000","167,533,000","70,961,000","74,842,000","53,446,000",,"21,396,000",,"382,000","96,572,000","-1,376,000","6,314,000","7,690,000",,,,"109,400,000","13,512,000",,"93,310,000","93,310,000","95,888,000","95,888,000","92,602,000",0.0099,0.0096,"9,468,000","9,603,000","118,694,000","280,717,000","93,310,000","80,343,208","6,314,000","7,690,000","-1,376,000","117,090,000",,"209,756,000","44,673,000","93,310,000","14,794,000","14,794,000","146,969,000",0,"1,827,208",,,,,,0,"-708,000",,,,"-2,578,000",,,,,,
3,12/31/2018,0700.HK,Tencent Holdings Limited,"312,694,000","312,694,000","170,574,000","142,120,000","64,109,000","65,755,000","41,522,000",,"24,233,000",,"-1,646,000","78,011,000","-329,000","4,569,000","4,898,000",,,,"94,466,000","14,482,000",,"78,719,000","78,719,000","79,984,000","79,984,000","78,719,000",0.0083,0.0082,"9,444,000","9,568,000","97,648,000","234,683,000","78,719,000","66,541,816","4,569,000","4,898,000","-329,000","99,364,000",,"170,574,000","34,248,000","78,719,000","14,382,000","14,382,000","119,230,000",0,"2,204,816",,,,,,0,,,,,"-1,265,000",,,,,,
4,12/31/2017,0700.HK,Tencent Holdings Limited,"237,760,000","237,760,000","120,835,000","116,925,000","46,478,000","50,703,000","33,051,000",,"17,652,000",,"-4,225,000","70,447,000","880,000","3,940,000","3,060,000",,,,"88,215,000","15,744,000",,"71,510,000","71,510,000","72,471,000","72,471,000","71,510,000",0.0076,0.0075,"9,411,000","9,536,000","90,302,000","167,313,000","71,510,000","59,842,674","3,940,000","3,060,000","880,000","91,275,000",,"120,835,000","23,611,000","71,510,000","14,202,000","14,202,000","100,684,000",0,"2,534,674",,,,,,0,,,,,"-961,000",,,,,,
5,12/31/2016,0700.HK,Tencent Holdings Limited,"151,938,000","151,938,000","67,439,000","84,499,000","33,809,000","34,595,000","22,459,000",,"12,136,000",,"-786,000","50,690,000","452,000","2,619,000","2,167,000",,,,"51,640,000","10,193,000",,"41,095,000","41,095,000","41,447,000","41,447,000","41,095,000",0.0044,0.0043,"9,376,000","9,494,000","56,117,000","101,248,000","41,095,000","39,293,131","2,619,000","2,167,000","452,000","53,807,000",,"67,439,000","12,741,000","41,095,000","2,245,000","2,245,000","64,303,000",0,"443,131",,,,,,0,,,,,"-352,000",,,,,,
1,TTM,BIDU,"Baidu, Inc.","105,835,000","74,679,000","62,698,000","43,137,000","36,331,000","17,708,000",,,,"18,623,000",,"6,806,000","3,411,000","6,429,000","3,018,000","-12,001,000","182,000","-11,970,000","-1,784,000","1,852,000",,"2,348,000","2,425,000","-3,636,000","-3,636,000","2,348,000",,,,,"6,806,000","99,029,000","2,425,000","2,288,500","6,429,000","3,018,000","3,411,000","1,234,000","1,234,000","62,698,000",,"2,425,000","182,000","182,000","1,052,000",0,"45,500",,"-213,000",,,,,,,,,"6,061,000",,,,,,
2,12/31/2019,BIDU,"Baidu, Inc.","107,413,000","78,093,000","62,850,000","44,563,000","38,256,000","19,910,000",,,,"18,346,000",,"6,307,000","3,100,000","6,060,000","2,960,000","-9,747,000","-33,000","-8,460,000","-340,000","1,948,000",,"1,980,000","2,057,000","-2,288,000","-2,288,000","1,980,000",0.0057,0.0056,"348,345","348,849","6,307,000","101,106,000","2,057,000","2,081,750","6,060,000","2,960,000","3,100,000","2,620,000",,"62,850,000","22,138,000","2,057,000","-33,000","-33,000","24,791,000",0,"-8,250",,"-1,254,000",,,,"77,000",,,,,"4,345,000",,,,,,
3,12/31/2018,BIDU,"Baidu, Inc.","102,277,000","81,912,000","51,744,000","50,533,000","35,003,000","19,231,000",,,,"15,772,000",,"15,530,000","2,568,000","4,451,000","1,883,000","9,227,000","-122,000","9,428,000","27,325,000","4,743,000",,"27,443,000","27,573,000","22,582,000","22,582,000","27,443,000",0.0786,0.078,"348,986","351,710","15,530,000","86,747,000","27,573,000","27,674,260","4,451,000","1,883,000","2,568,000","29,208,000",,"51,744,000","16,187,000","27,573,000","-122,000","-122,000","45,517,000",0,"-20,740",,"-79,000",,,,"130,000",,,,,"4,991,000",,,,,,
4,12/31/2017,BIDU,"Baidu, Inc.","84,809,000","73,146,000","43,062,000","41,747,000","26,056,000","13,128,000",,,,"12,928,000",,"15,691,000","1,539,000","3,154,000","1,615,000","4,053,000","-482,000","4,598,000","21,283,000","2,995,000",,"18,318,000","18,301,000","18,288,000","18,288,000","18,318,000",0.0528,0.0524,"347,251","349,524","15,691,000","69,118,000","18,301,000","18,715,038","3,154,000","1,615,000","1,539,000","22,898,000",,"43,062,000","11,748,000","18,301,000","-482,000","-482,000","35,128,000",0,"-67,962",,"-63,000",,,,"-17,000",,,,,"13,000",,,,,,
5,12/31/2016,BIDU,"Baidu, Inc.","70,549,364","64,525,115","35,278,945","35,270,419","25,221,339","15,070,586","2,657,341","2,657,341","12,413,245","10,150,753",,"10,049,080","1,184,069","2,341,631","1,157,562","3,276,058","508,312","3,793,473","14,509,207","2,913,594",,"11,074,351","11,632,269","11,595,613","11,595,613","11,074,351",0.0319,0.0319,"346,652","347,571","10,049,080","60,500,284","11,632,269","11,226,026","2,341,631","1,157,562","1,184,069","15,666,769",,"35,278,945","8,327,557","11,632,269","508,312","508,312","23,486,014",0,"102,069",,"-1,025,727",,,,"557,918",,,,,"36,656",,,,,,
1,TTM,BABA,Alibaba Group Holding Limited,"509,711,000","509,711,000","282,367,000","227,344,000","135,338,000","78,870,000","28,197,000","28,197,000","50,673,000","43,080,000",,"92,006,000","67,776,000","72,956,000","5,180,000","6,863,000",,"7,439,000","166,645,000","20,562,000","-5,733,000","149,263,000","149,433,000","140,350,000","140,350,000","149,215,000",,,,,"91,430,000","417,705,000","149,433,000","149,939,880","72,956,000","5,180,000","67,776,000","171,825,000","185,213,000","282,367,000","13,388,000","149,433,000","-576,000","-576,000","185,789,000",0,"-69,120",,,"-576,000",,,"170,000","-48,000","13,388,000","13,388,000",,"9,083,000","13,388,000","13,388,000",,"576,000",,
2,3/31/2020,BABA,Alibaba Group Holding Limited,"509,711,000","509,711,000","282,367,000","227,344,000","135,338,000","78,870,000","28,197,000","28,197,000","50,673,000","43,080,000",,"92,006,000","67,776,000","72,956,000","5,180,000","6,863,000",,"7,439,000","166,645,000","20,562,000","-5,733,000","149,263,000","149,433,000","140,350,000","140,350,000","149,215,000",,,,,"91,430,000","417,705,000","149,433,000","149,939,880","72,956,000","5,180,000","67,776,000","171,825,000",,"282,367,000","13,388,000","149,433,000","-576,000","-576,000","185,789,000",0,"-69,120",,,"-576,000",,,"170,000","-48,000","13,388,000","13,388,000",,"9,083,000","13,388,000","13,388,000",,"576,000",,
3,3/31/2019,BABA,Alibaba Group Holding Limited,"376,844,000","376,844,000","206,929,000","169,915,000","112,165,000","64,669,000","24,889,000","24,889,000","39,780,000","37,435,000","-666,000","57,750,000","38,916,000","44,106,000","5,190,000","-445,000","-1,950,000","1,252,000","96,221,000","16,553,000","566,000","87,600,000","87,886,000","80,234,000","80,234,000","87,558,000",0.034,0.0334,"2,580,000","2,623,000","57,084,000","319,094,000","87,886,000","89,294,510","44,106,000","5,190,000","38,916,000","101,411,000",,"180,576,000","37,080,000","87,886,000","-1,697,000","-1,697,000","140,188,000",0,"-288,490",,,"253,000","-517,000",,"286,000","-42,000","10,727,000","10,727,000",,"7,652,000","10,727,000","10,727,000","264,000",0,,
4,3/31/2018,BABA,Alibaba Group Holding Limited,"250,266,000","250,266,000","107,044,000","143,222,000","72,859,000","43,540,000","16,241,000","16,241,000","27,299,000","22,754,000","-555,000","70,363,000","26,929,000","30,495,000","3,566,000","3,111,000","-1,679,000","5,548,000","100,403,000","18,199,000","-20,792,000","63,985,000","64,093,000","61,412,000","61,412,000","63,964,000",0.0251,0.0245,"2,553,000","2,610,000","69,314,000","179,903,000","64,093,000","66,091,340","30,495,000","3,566,000","26,929,000","103,969,000",,"92,144,000","22,020,000","64,093,000","-2,437,000","-2,437,000","128,426,000",0,"-438,660",,,"-758,000",,,"108,000","-21,000","7,120,000","7,120,000",,"2,681,000","7,120,000","7,120,000","264,000","494,000",,
5,3/31/2017,BABA,Alibaba Group Holding Limited,"158,273,000","158,273,000","59,483,000","98,790,000","50,735,000","28,553,000","12,239,000","12,239,000","16,314,000","17,060,000","-451,000","48,055,000","5,888,000","8,559,000","2,671,000","6,086,000","2,328,000","6,086,000","60,029,000","13,776,000","-5,027,000","43,675,000","43,675,000","41,226,000","41,226,000","43,664,000",0.0175,0.017,"2,493,000","2,573,000","48,055,000","110,218,000","43,675,000","43,675,000","8,559,000","2,671,000","5,888,000","62,700,000",,"50,313,000","14,292,000","43,675,000",0,0,"76,992,000",0,0,,,0,,,0,"-11,000","5,122,000","5,122,000",,"2,449,000","5,122,000","5,122,000","264,000",0,,
1,TTM,BILI,Bilibili Inc.,"7,719,950","7,719,950","6,188,553","1,531,397","3,264,044","2,258,373","635,387","635,387","1,622,986","1,005,671",,"-1,732,647","103,312","165,027","61,715","19,919","-8,896","28,815","-1,609,416","37,071",,"-1,631,890","-1,631,890","-1,646,487","-1,646,487","-1,631,890",,,,,"-1,732,647","9,452,597","-1,631,890","-1,625,218","165,027","61,715","103,312","-1,547,701","-268,277","6,188,553","1,279,424","-1,631,890","-8,896","-8,896","-259,381",0,"-2,224",,,,,,,,,,,"8,233",,,,,,
2,12/31/2019,BILI,Bilibili Inc.,"6,777,922","6,777,922","5,587,673","1,190,249","2,685,424","1,791,013","592,497","592,497","1,198,516","894,411",,"-1,495,175","116,239","162,782","46,543","111,233","84,821","26,412","-1,267,703","35,867",,"-1,288,973","-1,288,973","-1,303,570","-1,303,570","-1,288,973",-0.004,-0.004,"323,162","323,162","-1,495,175","8,273,097","-1,288,973","-1,352,589","162,782","46,543","116,239","-1,221,160",,"5,587,673","1,168,109","-1,288,973","84,821","84,821","-137,872",0,"21,205",,,,,,0,,,,,"14,597",,,,,,
3,12/31/2018,BILI,Bilibili Inc.,"4,128,931","4,128,931","3,273,493","855,438","1,584,411","1,046,923","461,165","461,165","585,758","537,488",,"-728,973","68,706","68,706",,"121,234","94,779","26,455","-539,033","25,988",,"-616,325","-551,720","-565,021","-565,021","-616,325",-0.0026,-0.0026,"233,048","233,048","-728,973","4,857,904","-551,720","-622,804","68,706",,"68,706","-728,973",,"3,273,493","642,445","-551,720","94,779","94,779","-181,307",0,"23,695",,,,,,"64,605",,,,,"13,301",,,,,,
4,12/31/2017,BILI,Bilibili Inc.,"2,468,449","2,468,449","1,919,241","549,208","773,480","493,387","260,898","260,898","232,489","280,093",,"-224,272","1,483","1,483",,"47,920","29,402","18,518","-174,869","8,881",,"-312,994","-183,750","-183,750","-183,750","-312,994",-0.0013,-0.0013,"237,084","237,084","-224,272","2,692,721","-183,750","-205,801","1,483",,"1,483","-224,272",,"1,919,241","304,398","-183,750","29,402","29,402","50,724",0,"7,351",,,"18,518",,,0,,,,,0,,,,,"129,244",
5,12/31/2016,BILI,Bilibili Inc.,"523,310","523,310","772,812","-249,502","645,215","553,993","451,334","451,334","102,659","91,222",,"-894,717","1,502","1,502",,"-15,140","-11,472","-3,668","-908,355","3,141",,"-1,185,150","-910,066","-911,496","-911,496","-1,185,150",-0.0169,-0.0169,"69,939","69,939","-894,717","1,418,027","-910,066","-901,462","1,502",,"1,502","-894,717",,"772,812","161,518","-910,066","-11,472","-11,472","-721,727",0,"-2,868",,,,,,"161,933",,,,,"1,430",,,,,"113,151",
1,TTM,SPOT,Spotify Technology S.A.,"7,101,000","7,101,000","5,280,000","1,821,000","1,864,000","1,242,000","357,000","357,000","885,000","622,000",,"-43,000","-11,000","29,000","45,000","133,000","133,000",,"79,000","122,000",,"-43,000","-43,000","-43,000","-43,000","-81,000",,,,,"-43,000","7,144,000","-43,000","-122,800","29,000","45,000","-11,000","124,000","216,000","5,280,000","92,000","-43,000","133,000","133,000","83,000",0,"53,200","-5,000",,,,,,,,,,,,,,,,
2,12/31/2019,SPOT,Spotify Technology S.A.,"6,764,000","6,764,000","5,042,000","1,722,000","1,795,000","1,180,000","354,000","354,000","826,000","615,000",,"-73,000","-11,000","31,000","43,000","-47,000","-47,000",,"-131,000","55,000",,"-186,000","-186,000","-186,000","-186,000","-186,000",-0.001,-0.001,"180,961","180,961","-73,000","6,837,000","-186,000","-151,690","31,000","43,000","-11,000","-88,000",,"5,042,000","87,000","-186,000","-47,000","-47,000","46,000",0,"-12,690","-1,000",0,,,,,,,,,,,,,,,
3,12/31/2018,SPOT,Spotify Technology S.A.,"5,259,000","5,259,000","3,906,000","1,353,000","1,396,000","903,000","283,000","283,000","620,000","493,000",,"-43,000","30,000","25,000","6,000","-160,000","42,000","-201,000","-173,000","-95,000",,"-78,000","-78,000","-78,000","-78,000","-92,000",0,0,"177,154","181,210","-43,000","5,302,000","-78,000","-108,660","25,000","6,000","30,000","-167,000",,"3,906,000","32,000","-78,000","42,000","42,000","-177,000",0,"11,340","-11,000","-1,000",,,,,"-14,000",,,,,,,,,,
4,12/31/2017,SPOT,Spotify Technology S.A.,"4,090,000","4,090,000","3,241,000","849,000","1,227,000","831,000","264,000","264,000","567,000","396,000",,"-378,000","17,000","19,000","4,000","-872,000","-349,000","-524,000","-1,233,000","2,000",,"-711,000","-1,235,000","-1,235,000","-1,235,000","-711,000",-0.0043,-0.0043,"166,147","166,147","-378,000","4,468,000","-1,235,000","-1,025,600","19,000","4,000","17,000","-1,229,000",,"3,241,000","54,000","-1,235,000","-349,000","-349,000","-826,000",0,"-139,600","-2,000","1,000",,,,"-524,000",,,,,,,,,,,
5,12/31/2016,SPOT,Spotify Technology S.A.,"2,952,000","2,952,000","2,551,000","401,000","750,000","543,000","175,000","175,000","368,000","207,000",,"-349,000",0,"5,000","5,000","-186,000","61,000","-245,000","-535,000","4,000",,"-539,000","-539,000","-539,000","-539,000","-539,000",-0.0032,-0.0032,"167,779","167,779","-349,000","3,301,000","-539,000","-575,600","5,000","5,000",0,"-530,000",,"2,551,000","38,000","-539,000","61,000","61,000","-553,000",0,"24,400",,"-2,000",,,,,0,,,,,,,,,,
1,TTM,W,Wayfair Inc.,"9,512,291","9,512,291","7,256,292","2,255,999","3,254,374","3,254,374","502,037","502,037","2,752,337",,,"-998,375","-67,494",,,-443,,-443,"-1,066,312","3,748",,"-1,070,060","-1,070,060","-1,070,060","-1,070,060","-1,070,060",,,,,"-998,375","10,510,666","-1,070,060","-1,070,060",,,"-67,494","-1,001,699","-782,020","7,256,292","219,679","-1,070,060",,,"-782,020",0,0,,,,,,,,,,,,,,,,,
2,12/31/2019,W,Wayfair Inc.,"9,127,057","9,127,057","6,979,725","2,147,332","3,077,273","3,077,273","356,727","356,727","2,720,546",,,"-929,941","-54,514",,,"2,881",,"2,881","-981,574","3,010",,"-984,584","-984,584","-984,584","-984,584","-984,584",-0.0107,-0.0107,"92,200","92,200","-929,941","10,056,998","-984,584","-984,584",,,"-54,514","-929,941",,"6,979,725","192,419","-984,584",,,"-737,522",0,0,"54,514",,,,,,,,,,,,,,,,
3,12/31/2018,W,Wayfair Inc.,"6,779,174","6,718,079","5,192,451","1,586,723","2,060,002","2,060,002","1,285,813","1,285,813","774,189",,,"-473,279","-28,560",,,-204,,-204,"-502,043","2,037",,"-504,080","-504,080","-504,080","-504,080","-504,080",-0.0056,-0.0056,"89,472","89,472","-473,279","7,252,453","-504,080","-504,080",,,"-28,560","-473,279",,"5,192,451","123,542","-504,080",,,"-349,737",0,0,"28,560",,,,,,,,,,,,,,,,
4,12/31/2017,W,Wayfair Inc.,"4,720,895","4,643,243","3,602,072","1,118,823","1,354,276","1,354,276","804,317","804,317","549,959",,,"-235,453","-9,433",,,758,,758,"-244,128",486,,"-244,614","-244,614","-244,614","-244,614","-244,614",-0.0028,-0.0028,"86,983","86,983","-235,453","4,956,348","-244,614","-244,614",,,"-9,433","-235,453",,"3,602,072","87,020","-244,614",,,"-148,433",0,0,"9,433",,,,,,,,,,,,,,,,
5,12/31/2016,W,Wayfair Inc.,"3,380,360","3,258,909","2,572,549","807,811","1,004,028","1,004,028","417,368","417,368","586,660",,,"-196,217",694,,,"1,756",,"1,756","-193,767",608,,"-194,375","-194,375","-194,375","-194,375","-194,375",-0.0023,-0.0023,"84,977","84,977","-196,217","3,576,577","-194,375","-194,375",,,694,"-196,217",,"2,572,549","55,572","-194,375",,,"-140,645",0,0,-694,,,,,0,,,,,,,,,,,
1,TTM,GRUB,Grubhub Inc.,"1,351,361","1,351,361","848,002","503,359","564,390","440,667","118,080","118,080","322,587",,,"-61,031","-24,061",,"24,061",,,,"-85,092","-26,209",,"-58,883","-58,883","-58,883","-58,883","-58,883",,,,,"-61,031","1,412,392","-58,883","-58,883",,"24,061","-24,061","-61,031","62,692","848,002","123,723","-58,883",,,"62,692",0,0,,,,,,,,"123,723","123,723",,,,,,,,
2,12/31/2019,GRUB,Grubhub Inc.,"1,312,151","1,312,151","790,768","521,383","527,666","412,217","101,918","101,918","310,299",,,"-6,283","-20,493",,"20,493",,,,"-26,776","-8,210",,"-18,566","-18,566","-18,566","-18,566","-18,566",0,0,"91,247","91,247","-6,283","1,318,434","-18,566","-18,566",,"20,493","-20,493","-6,283",,"790,768","115,449","-18,566",,,"109,166",0,0,"20,493",,,,,,,"115,449","115,449",,,,,,,,
3,12/31/2018,GRUB,Grubhub Inc.,"1,007,257","1,007,257","536,599","470,658","385,695","299,755","85,465","85,465","214,290",,,"84,963","-3,530",,"3,530",,,,"81,433","2,952",,"78,481","78,481","78,481","78,481","78,481",0,0,"89,447","92,354","84,963","922,294","78,481","78,481",,"3,530","-3,530","84,963",,"536,599","85,940","78,481",,,"170,903",0,0,"3,530",,,,,,,"85,940","85,940",,,,,,,,
4,12/31/2017,GRUB,Grubhub Inc.,"683,067","683,067","325,716","357,351","267,601","215,753","65,023","65,023","150,730",,,"89,750",-102,,,,,,"89,648","-9,335",,"98,983","98,983","98,983","98,983","98,983",0.0012,0.0011,"86,297","88,182","89,750","593,317","98,983","98,983",,,-102,"89,750",,"325,716","51,848","98,983",,,"141,598",0,0,102,,,,,,,"51,848","51,848",,,,,,,,
5,12/31/2016,GRUB,Grubhub Inc.,"493,331","493,331","214,210","279,121","195,269","160,076","49,753","49,753","110,323",,,"83,852",,,,,,,"83,852","34,295",,"49,557","49,557","49,557","49,557","49,557",0,0,"85,069","86,135",,"409,479","49,557","49,557",,,,"83,852",,"214,210","35,193","49,557",,,"119,045",0,0,,,,,,,,"35,193","35,193",,,,,,,,
1,TTM,INTU,Intuit Inc.,"6,857,000","6,857,000","1,337,000","5,520,000","3,980,000","2,641,000","636,000","636,000","2,005,000","1,332,000",,"1,540,000","42,000","52,000","10,000","-7,000",,"-7,000","1,575,000","238,000",,"1,337,000","1,337,000","1,337,000","1,337,000","1,337,000",,,,,"1,540,000","5,317,000","1,337,000","1,337,000","52,000","10,000","42,000","1,585,000","1,812,000","1,117,000","227,000","1,337,000",,,"1,812,000",0,0,,,,,,,,"7,000","7,000",,,"7,000","7,000",,,,
2,7/31/2019,INTU,Intuit Inc.,"6,784,000","6,784,000","1,167,000","5,617,000","3,763,000","2,524,000","597,000","597,000","1,927,000","1,233,000",,"1,854,000","31,000","46,000","15,000","-4,000","3,000","-4,000","1,881,000","324,000",,"1,557,000","1,557,000","1,557,000","1,557,000","1,557,000",0.006,0.0059,"260,000","264,000","1,854,000","4,930,000","1,557,000","1,557,000","46,000","15,000","31,000","1,896,000",,"948,000","225,000","1,557,000","3,000","3,000","2,121,000",0,0,,,,,,,,"6,000","6,000",,,"6,000","6,000",,,,
3,7/31/2018,INTU,Intuit Inc.,"5,964,000","5,964,000","977,000","4,987,000","3,490,000","2,298,000","664,000","664,000","1,634,000","1,186,000",,"1,497,000","-2,000","18,000","20,000","8,000","7,000","8,000","1,503,000","292,000",,"1,211,000","1,211,000","1,211,000","1,211,000","1,211,000",0.0047,0.0046,"256,000","261,000","1,497,000","4,467,000","1,211,000","1,211,000","18,000","20,000","-2,000","1,523,000",,"730,000","253,000","1,211,000","7,000","7,000","1,776,000",0,0,,,,,0,,,"6,000","6,000",,,"6,000","6,000",,,,
4,7/31/2017,INTU,Intuit Inc.,"5,177,000","5,177,000","809,000","4,368,000","2,973,000","1,973,000","553,000","553,000","1,420,000","998,000",,"1,395,000","-23,000","8,000","31,000","-5,000","7,000","-5,000","1,367,000","396,000",,"971,000","971,000","971,000","971,000","971,000",0.0038,0.0037,"257,000","261,000","1,395,000","3,782,000","971,000","971,000","8,000","31,000","-23,000","1,398,000",,"575,000","236,000","971,000",0,0,"1,634,000",0,0,,,0,,0,,,"2,000","2,000",,,"2,000","2,000",,0,,
5,7/31/2016,INTU,Intuit Inc.,"4,694,000","4,694,000","752,000","3,942,000","2,700,000","1,807,000","518,000","518,000","1,289,000","881,000",,"1,242,000","-32,000","3,000","35,000","-7,000",,"-7,000","1,203,000","397,000",,"979,000","979,000","979,000","806,000","979,000",0.0037,0.0037,"262,000","265,000","1,242,000","3,452,000","979,000","806,000","3,000","35,000","-32,000","1,238,000",,"526,000","238,000","806,000",0,0,"1,476,000",0,0,,,0,,"173,000",,,"12,000","12,000",,,"12,000","12,000",,0,,
1,TTM,IQ,"iQIYI, Inc.","29,653,505","25,991,684","30,974,010","-1,320,505","8,153,208","5,405,999",,,,"2,747,209",,"-9,473,713","-647,512","393,642","1,041,154","-1,159,171","-830,667",,"-11,280,396","49,250",,"-11,387,254","-11,383,995","-11,329,646","-11,329,646","-11,387,254",,,,,"-9,473,713","39,127,218","-11,383,995","-10,760,995","393,642","1,041,154","-647,512","-10,239,242","-10,239,242","30,974,010",,"-11,383,995","-830,667","-830,667","-9,408,575",0,"-207,667",,"-217,376",,,,,,,,,"-54,349",,,,,,
2,12/31/2019,IQ,"iQIYI, Inc.","28,993,658","25,250,432","30,348,342","-1,354,684","7,903,153","5,236,007",,,,"2,667,146",,"-9,257,837","-512,226","402,145","914,371","-454,824","-190,210",,"-10,224,887","51,852",,"-10,324,871","-10,323,329","-10,276,739","-10,276,739","-10,324,871",-0.0141,-0.0141,"729,269","729,269","-9,257,837","38,251,495","-10,323,329","-10,098,516","402,145","914,371","-512,226","-9,310,516",,"30,348,342","17,169,332","-10,323,329","-299,751","-299,751","8,158,567",0,"-74,938",,"-155,073","-109,541",,,"1,542",,,,,"-46,590",,,,,,
3,12/31/2018,IQ,"iQIYI, Inc.","24,989,116","22,113,473","27,132,811","-2,143,695","6,162,541","4,167,889",,,,"1,994,652",,"-8,306,236","119,258","213,969","94,711","-795,452","-970,796",,"-8,982,430","78,801",,"-9,408,766","-9,109,776","-9,061,231","-9,061,231","-9,408,766",-0.017,-0.017,"552,562","552,562","-8,306,236","33,295,352","-9,109,776","-8,525,911","213,969","94,711","119,258","-8,887,719",,"27,132,811","14,979,977","-9,109,776","-778,487","-778,487","6,870,745",0,"-194,622",,"-16,965","192,309",,,"298,990",,,,,"-48,545",,,,,,
4,12/31/2017,IQ,"iQIYI, Inc.","17,378,350","15,886,768","17,386,563","-8,213","3,944,796","2,674,990",,,,"1,269,806",,"-3,953,009","-194,450","83,127","277,577","402,962","400,737",,"-3,744,497","-7,565",,"-3,624,475","-3,736,932","-3,736,932","-3,736,932","-3,624,475",-0.0062,-0.0062,"581,625","581,625","-3,953,009","21,331,359","-3,736,932","-4,139,342","83,127","277,577","-194,450","-3,466,920",,"17,386,563","8,765,184","-3,736,932","403,225","403,225","4,895,039",0,814.6347,,-263,"2,488",,,"-112,457",,,,,0,,,,,,
5,12/31/2016,IQ,"iQIYI, Inc.","11,237,407","9,913,501","11,436,595","-199,188","2,590,306","1,765,824",,,,"824,482",,"-2,789,494","-93,468","17,009","110,477","-177,972","-238,564",,"-3,060,934","13,088",,"-7,948,761","-3,074,022","-3,074,022","-3,074,022","-7,948,761",-0.0137,-0.0137,"581,625","581,625","-2,789,494","14,026,901","-3,074,022","-2,940,618","17,009","110,477","-93,468","-2,950,457",,"11,436,595","5,019,388","-3,074,022","-177,872","-177,872","2,246,803",0,"-44,468",,-100,"60,692",,,"4,874,739",0,,,,0,,,,,,
1,TTM,Z,"Zillow Group, Inc.","3,414,554","3,414,554","2,042,345","1,372,209","1,624,371","1,119,876","362,687","362,687","757,189","504,495",,"-252,162","-122,918",,"122,918","-37,015",,"40,083","-412,095","-10,986",,"-401,109","-401,109","-401,109","-401,109","-401,109",,,,,"-329,260","3,666,716","-401,109","-326,066",,"122,918","-122,918","-289,177","-168,042","2,042,345","121,135","-401,109","-77,098","-77,098","-90,944",0,"-2,055",,,"-77,098",,,,,,,,,,,298,,,"76,800"
2,12/31/2019,Z,"Zillow Group, Inc.","2,742,837","2,742,837","1,432,021","1,310,816","1,557,651","1,080,304","366,176","366,176","714,128","477,347",,"-246,835","-101,792",,"101,792","39,008",,"39,658","-309,619","-4,258",,"-305,361","-305,361","-305,361","-305,361","-305,361",-0.0015,-0.0015,"206,380","206,380","-247,485","2,989,672","-305,361","-304,720",,"101,792","-101,792","-207,827",,"1,432,021","110,609","-305,361",-650,-650,"-96,568",0,-9.1,,,-650,,,,,,,0,,,,650,,,0
3,12/31/2018,Z,"Zillow Group, Inc.","1,333,554","1,333,554","153,590","1,179,964","1,225,592","814,774","262,153","262,153","552,621","410,818",,"-45,628","-41,255",,"41,255","-64,077",,"19,270","-150,960","-31,102",,"-119,858","-119,858","-119,858","-119,858","-119,858",0,0,"197,944","197,944","-128,975","1,379,182","-119,858","-53,764",,"41,255","-41,255","-109,705",,"153,590","99,391","-119,858","-83,347","-83,347","73,033",0,"-17,253",,,"-83,347",,,,,,,0,,,,"4,347",,,"79,000"
4,12/31/2017,Z,"Zillow Group, Inc.","1,076,794","1,076,794","85,203","991,591","979,002","659,017","210,816","210,816","448,201","319,985",,"12,589","-27,517",,"27,517","-169,078",,"5,385","-184,006","-89,586",,"-94,420","-94,420","-94,420","-94,420","-94,420",0,0,"186,453","186,453","-161,874","1,064,205","-94,420","10,258",,"27,517","-27,517","-156,489",,"85,203","110,155","-94,420","-174,463","-174,463","128,129",0,"-69,785",,,"-174,463",,,,,,,0,,,,463,,,"174,000"
5,12/31/2016,Z,"Zillow Group, Inc.","846,589","846,589","71,591","774,998","967,680","694,614","313,695","313,695","380,919","273,066",,"-192,682","-7,408",,"7,408","-20,218",,"2,711","-220,308",130,,"-220,438","-220,438","-220,438","-220,438","-220,438",-0.0012,-0.0012,"180,149","180,149","-192,854","1,039,271","-220,438","-206,681",,"7,408","-7,408","-212,900",,"71,591","100,590","-220,438","-22,929","-22,929","-89,381",0,"-9,172",,,"-22,929","22,757",,,,,,"1,251",,,,"1,423",,,
1,TTM,WUBA,58.com Inc.,"15,576,523","14,896,206","1,798,407","13,778,116","10,925,627","8,866,964","817,302","817,302","8,049,662","2,058,663",,"2,852,489","55,937",,,"6,371,134","6,117,497","259,407","9,279,560","834,334",,"8,278,214","8,453,259","8,445,226","8,445,226","8,278,214",,,,,"2,852,489","12,724,034","8,453,259","2,883,013",,,"55,937","2,852,489","3,252,157","1,798,407","399,668","8,453,259","6,121,150","6,121,150","-2,868,993",0,"550,904","-55,937","-9,423","3,653",,,"175,045",,,,"3,653","8,033",,,,,,
2,12/31/2019,WUBA,58.com Inc.,"15,576,523","14,896,206","1,798,407","13,778,116","10,925,627","8,866,964","817,302","817,302","8,049,662","2,058,663",,"2,852,489","55,937","55,937",,"6,371,134","6,117,497","259,407","9,279,560","834,334",,"8,278,214","8,453,259","8,445,226","8,445,226","8,278,214",,,,,"2,852,489","12,724,034","8,453,259","2,883,013","55,937",,"55,937","2,852,489",,"1,798,407","399,668","8,453,259","6,121,150","6,121,150","-2,868,993",0,"550,904","-55,937","-9,423","3,653",,,"175,045",,,,"3,653","8,033",,,,,,
3,12/31/2018,WUBA,58.com Inc.,"13,137,815","12,754,247","1,437,795","11,700,020","9,313,359","7,610,611","748,766","748,766","6,861,845","1,702,748",,"2,386,661","15,529",,,"26,573","39,231","82,113","2,428,763","299,705",,"1,996,995","2,129,197","2,129,058","2,129,058","1,996,995",0.0135,0.0133,"147,451","149,856","2,386,661","10,751,154","2,129,197","2,097,663",,,"15,529","2,386,661",,"1,437,795","413,092","2,129,197","35,957","35,957","2,763,796",0,"4,423","-15,529","-91,497","-3,274",,,"132,202",,,,"-3,274",139,,,,,,
4,12/31/2017,WUBA,58.com Inc.,"10,068,780","10,068,780","925,497","9,143,283","7,346,818","5,978,377","766,017","766,017","5,212,360","1,368,441",,"1,796,465","-1,623","49,781","51,404","-258,911","343,034","85,455","1,535,931","146,689",,"1,285,068","1,384,575","1,389,242","1,389,242","1,285,068",0.0088,0.0087,"145,738","147,652","1,796,465","8,272,315","1,384,575","1,074,472","49,781","51,404","-1,623","1,587,335",,"925,497","435,627","1,384,575","343,034","343,034","1,679,928",0,"32,931","1,623","-687,400",,,,"99,507",,,,,"-4,667",,,,,,
5,12/31/2016,WUBA,58.com Inc.,"7,592,127","7,592,127","707,237","6,884,890","6,651,183","5,543,286","601,906","601,906","4,941,380","1,107,897",,"233,707","-48,640","24,755","73,395","-1,009,010","-149,138","-12,713","-823,943","-50,980",,"-783,764","-768,047","-772,963","-772,963","-783,764",-0.0057,-0.0057,"143,488","143,488","233,707","7,358,420","-768,047","-702,803","24,755","73,395","-48,640","-750,548",,"707,237","406,827","-768,047","-69,557","-69,557","-274,164",0,"-4,313","50,752","-926,740","79,581",,,"15,717",,,,"79,581","4,916",,,,,,
1,TTM,WIX,Wix.com Ltd.,"761,088","761,088","196,907","564,181","644,431","393,640","85,922","85,922","307,718","250,791",,"-80,250","-1,679","19,792",,"-1,887","-1,942",55,"-83,816","2,598",,"-86,414","-86,414","-86,414","-86,414","-86,414",,,,,"-80,250","841,338","-86,414","-84,919","19,792",,"-1,679","-80,250","-63,536","196,907","16,714","-86,414","-1,942","-1,942","-61,594",0,-446.66,"21,471",,,,,,,,,,,,,,,,
2,12/31/2019,WIX,Wix.com Ltd.,"761,088","761,088","196,907","564,181","644,431","393,640","85,922","85,922","307,718","250,791",,"-80,250","-1,679","19,792",,"-1,887","-1,942",55,"-83,816","2,598",,"-86,414","-86,414","-86,414","-86,414","-86,414",-0.0017,-0.0017,"50,505","50,505","-80,250","841,338","-86,414","-84,919","19,792",,"-1,679","-80,250",,"196,907","16,714","-86,414","-1,942","-1,942","-61,594",0,-446.66,"21,471",,,,,,,,,,,,,,,,
3,12/31/2018,WIX,Wix.com Ltd.,"603,704","603,704","126,947","476,757","507,387","308,475","59,297","59,297","249,178","198,912",,"-30,630",-707,"9,607",,"-2,576","-2,087",-489,"-33,913","3,207",,"-37,120","-37,120","-37,120","-37,120","-37,120",0,0,"48,017","48,017","-30,630","634,334","-37,120","-35,513","9,607",,-707,"-30,630",,"126,947","11,508","-37,120","-2,087","-2,087","-17,035",0,-480.01,"10,314",,,,,,,,,,,,,,,,
4,12/31/2017,WIX,Wix.com Ltd.,"425,636","425,636","69,391","356,245","406,256","252,621","48,186","48,186","204,435","153,635",,"-50,011",872,"1,182",,"-5,811","-5,887",76,"-54,950","1,323",,"-56,273","-56,273","-56,273","-56,273","-56,273",-0.0012,-0.0012,"45,552","45,552","-50,011","475,647","-56,273","-51,799","1,182",,872,"-50,011",,"69,391","8,407","-56,273","-5,887","-5,887","-35,717",0,"-1,413",310,,,,,,,,,,,,,,,,
5,12/31/2016,WIX,Wix.com Ltd.,"290,103","290,103","45,287","244,816","288,848","183,480","26,968","26,968","156,512","105,368",,"-44,032",621,847,,-378,-374,-4,"-43,789","3,107",,"-46,896","-46,896","-46,896","-46,896","-46,896",-0.0011,-0.0011,"42,033","42,033","-44,032","334,135","-46,896","-46,615",847,,621,"-44,032",,"45,287","5,285","-46,896",-374,-374,"-38,373",0,-93.5,226,,,,,,,,,,,,,,,,
1,TTM,DBX,"Dropbox, Inc.","1,730,700","1,730,700","415,700","1,315,000","1,347,400","653,500","227,400","227,400","426,100","693,900",,"-32,400","11,200",,,"22,400",,"22,400","1,200","6,900",,"-5,700","-5,700","-5,700","-5,700","-5,700",,,,,"-32,400","1,763,100","-5,700","-5,700",,,"11,200","-32,400","134,800","415,700","167,200","-5,700",,,"134,800",0,0,,,,,,,,,,,,,,,,,
2,12/31/2019,DBX,"Dropbox, Inc.","1,661,300","1,661,300","411,000","1,250,300","1,330,800","668,700","245,400","245,400","423,300","662,100",,"-80,500","12,500",,,"16,000",,"16,000","-52,000",700,,"-52,700","-52,700","-52,700","-52,700","-52,700",0,0,"411,600","411,600","-80,500","1,741,800","-52,700","-52,700",,,"12,500","-80,500",,"411,000","173,500","-52,700",,,"93,000",0,0,"-12,500",,,,,,,,,,,,,,,,
3,12/31/2018,DBX,"Dropbox, Inc.","1,391,700","1,391,700","394,700","997,000","1,491,000","722,800","283,200","283,200","439,600","768,200",,"-494,000","7,100",,,"6,800",,"6,800","-480,100","4,800",,"-484,900","-484,900","-484,900","-484,900","-484,900",-0.0014,-0.0014,"358,600","358,600","-494,000","1,885,700","-484,900","-484,900",,,"7,100","-494,000",,"394,700","166,800","-484,900",,,"-327,200",0,0,"-7,100",,,,,,,,,,,,,,,,
4,12/31/2017,DBX,"Dropbox, Inc.","1,106,800","1,106,800","368,900","737,900","851,600","471,300","157,300","157,300","314,000","380,300",,"-113,700","-11,000",,,"13,200",,"13,200","-111,500",200,,"-111,700","-111,700","-111,700","-111,700","-111,700",0,0,"358,600","358,600","-113,700","1,220,500","-111,700","-111,700",,,"-11,000","-113,700",,"368,900","181,800","-111,700",,,"68,100",0,0,"11,000",,,,,,,,,,,,,,,,
5,12/31/2016,DBX,"Dropbox, Inc.","844,800","844,800","390,600","454,200","647,700","358,000","107,400","107,400","250,600","289,700",,"-193,500","-16,400",,,"4,900",,"4,900","-205,000","5,200",,"-210,200","-210,200","-210,200","-210,200","-210,200",0,0,"358,600","358,600","-193,500","1,038,300","-210,200","-210,200",,,"-16,400","-193,500",,"390,600","191,600","-210,200",,,"-1,900",0,0,"16,400",,,,,,,,,,,,,,,,
1,TTM,TME,Tencent Music Entertainment Group,"26,009,000","26,009,000","17,392,000","8,617,000","4,735,000","4,867,000","2,782,000","2,782,000","2,085,000",,,"3,882,000","578,000","645,000","67,000","-29,000",,"75,000","4,431,000","554,000",,"3,882,000","3,882,000","3,877,000","3,877,000","3,882,000",,,,,"4,522,000","22,127,000","3,882,000","3,882,000","645,000","67,000","578,000","4,498,000","4,498,000","17,392,000",,"3,882,000",,,"4,498,000",0,0,,"-24,000",,,,,,,,,"5,000",,,,,,
2,12/31/2019,TME,Tencent Music Entertainment Group,"25,434,000","25,434,000","16,761,000","8,673,000","4,612,000","4,744,000","2,703,000","2,703,000","2,041,000",,"-132,000","4,061,000","551,000","615,000","64,000","-72,000","-37,000","26,000","4,540,000","563,000",,"3,982,000","3,982,000","3,977,000","3,977,000","3,982,000",0.0024,0.0024,"1,677,533","1,677,533","4,622,000","21,373,000","3,982,000","4,052,080","615,000","64,000","551,000","4,604,000",,"16,761,000","583,000","3,982,000","-80,000","-80,000","5,267,000",0,"-9,920",,"-18,000","-43,000",,,,,,,,"5,000",,,0,,,"43,000"
3,12/31/2018,TME,Tencent Music Entertainment Group,"18,985,000","18,985,000","11,708,000","7,277,000","3,920,000","3,972,000","2,258,000","2,258,000","1,714,000",,"-52,000","3,357,000","282,000","282,000",,"-1,636,000","-96,000","-1,537,000","2,003,000","171,000",,"1,833,000","1,833,000","1,832,000","1,832,000","1,833,000",0.0012,0.0012,"1,538,157","1,579,610","2,039,000","15,628,000","1,833,000","1,922,634","282,000",,"282,000","3,357,000",,"11,708,000","369,000","1,833,000","-98,000","-98,000","3,824,000",0,"-8,366",,"-1,000","-2,000",,,,,,,,"1,000",,,,,,"2,000"
4,12/31/2017,TME,Tencent Music Entertainment Group,"10,981,000","10,981,000","7,171,000","3,810,000","2,404,000","2,434,000","1,521,000","1,521,000","913,000",,"-30,000","1,406,000","93,000","93,000",,"98,000","18,000","6,000","1,597,000","278,000",,"1,326,000","1,326,000","1,319,000","1,319,000","1,326,000",0,0,"1,635,451","1,635,451","1,593,000","9,575,000","1,326,000","1,253,319","93,000",,"93,000","1,406,000",,"7,171,000","379,000","1,326,000","88,000","88,000","1,697,000",0,"15,319",,"4,000","70,000",,,,,,,,"7,000",,,"-72,000",,,"2,000"
5,12/31/2016,TME,Tencent Music Entertainment Group,"4,361,000","4,361,000","3,129,000","1,232,000","1,139,000","1,148,000","783,000","783,000","365,000",,"-9,000","93,000","32,000","32,000",,"-11,000","-23,000","1,000","114,000","29,000",,"82,000","82,000","85,000","85,000","82,000",0,0,"1,635,451","1,635,451","103,000","4,268,000","82,000","99,149","32,000",,"32,000","93,000",,"3,129,000","236,000","82,000","-23,000","-23,000","352,000",0,"-5,851",,"11,000",0,,,,,,,,"-3,000",,,0,,,0
1,TTM,ROKU,"Roku, Inc.","1,243,025","1,243,025","707,591","535,434","644,918","347,367","134,071","134,071","213,296","297,551",,"-109,484","-3,131",,"3,131","6,800",,"6,800","-105,815",-998,,"-104,817","-104,817","-104,817","-104,817","-104,817",,,,,"-109,484","1,352,509","-104,817","-104,817",,"3,131","-3,131","-102,684","-81,416","707,591","21,268","-104,817",,,"-81,416",0,0,,,,,,,,,,,,,,,,,
2,12/31/2019,ROKU,"Roku, Inc.","1,128,921","1,128,921","633,697","495,224","560,283","295,272","116,417","116,417","178,855","265,011",,"-65,059","-2,366",,"2,366","6,506",,"6,506","-60,919",-982,,"-59,937","-59,937","-59,937","-59,937","-59,937",0,0,"115,218","115,218","-65,059","1,193,980","-59,937","-59,937",,"2,366","-2,366","-58,553",,"633,697","15,669","-59,937",0,0,"-42,884",0,0,,,0,,,,,,,,,,,,,,
3,12/31/2018,ROKU,"Roku, Inc.","742,506","742,506","410,358","332,148","345,444","174,752","71,972","71,972","102,780","170,692",,"-13,296",-346,,346,"4,309",,"4,309","-9,333",-476,,"-8,857","-8,857","-8,857","-8,857","-8,857",0,0,"104,618","104,618","-13,296","755,802","-8,857","-8,857",,346,-346,"-8,987",,"410,358","8,389","-8,857",0,0,-598,0,0,,,0,,,,,,,,,,,,,,
4,12/31/2017,ROKU,"Roku, Inc.","512,763","512,763","312,930","199,833","219,449","111,504","47,435","47,435","64,069","107,945",,"-19,616","-1,612",,"1,612","-41,966","-40,333",705,"-63,194",315,,"-63,509","-63,509","-63,509","-63,509","-63,509",-0.0022,-0.0022,"28,308","28,308","-19,616","532,379","-63,509","-37,906",,"1,612","-1,612","-61,582",,"312,930","5,336","-63,509","-42,671","-42,671","-13,575",0,"-17,068",,,"-2,338","2,338",,,,,,,,,,,,,
5,12/31/2016,ROKU,"Roku, Inc.","398,649","398,649","277,604","121,045","164,406","88,229","35,341","35,341","52,888","76,177",,"-43,361",146,146,146,668,888,-220,"-42,547",211,,"-42,758","-42,758","-42,758","-42,758","-42,758",0,0,"85,590","85,590","-43,361","442,010","-42,758","-43,291",146,146,146,"-43,361",,"277,604","5,302","-42,758",888,888,"-38,947",0,355.2,,,,,,,,,,,,,,,,,
1,TTM,WB,Weibo Corporation,"1,691,126","1,691,126","320,119","1,371,007","838,477","549,477","91,187","91,187","458,290","289,000",,"532,530","57,614","87,510",,"-91,412",,,"498,732","104,374",,"396,341","396,341","394,358","394,358","396,341",,,,,"532,530","1,158,596","396,341","626,180","87,510",,"57,614","567,239","567,239","320,119",,"396,341","-290,670","-290,670","857,909",0,"-60,831",,,"-290,670",,,,,,,,"1,983",,,,,,"215,076"
2,12/31/2019,WB,Weibo Corporation,"1,766,914","1,766,914","328,826","1,438,088","840,504","556,060","90,721","90,721","465,339","284,444",,"597,584","55,490","85,386","29,896","-50,677","194,852","4,406","602,397","109,564",,"494,675","494,675","492,833","492,833","494,675",0.0022,0.0022,"225,452","226,412","597,584","1,169,330","494,675","539,740","85,386","29,896","55,490","632,293",,"328,826","29,565","494,675","-55,083","-55,083","716,941",0,"-10,018","-46,698",,"-249,935",,,,,,,,"1,842",,,,0,,"249,935"
3,12/31/2018,WB,Weibo Corporation,"1,718,518","1,718,518","277,648","1,440,870","821,052","571,179","43,755","43,755","527,424","249,873",,"619,818","43,808","43,808",,"5,216","39,844",,"668,842","96,222",,"571,823","571,823","572,620","572,620","571,823",0.0026,0.0025,"223,751","232,683","609,264","1,098,700","571,823","567,311","43,808",,"43,808","619,818",,"277,648","19,847","571,823","5,216","5,216","634,449",0,704.16,"-43,808",,"-34,628",,,,,,,,-797,,,,"10,554",,"24,074"
4,12/31/2017,WB,Weibo Corporation,"1,150,054","1,150,054","231,255","918,799","511,245","317,852","42,315","42,315","275,537","193,393",,"407,554","13,260","13,260",,"-3,703","1,044",,"417,111","66,746",,"352,590","352,590","350,365","350,365","352,590",0.0016,0.0016,"220,555","225,363","407,554","742,500","352,590","355,767","13,260",,"13,260","407,554",,"231,255","15,328","352,590","-3,703","-3,703","426,585",0,-525.826,"-13,260",,"-4,747",,,,,,,,"2,225",,,,,,"4,747"
5,12/31/2016,WB,Weibo Corporation,"655,800","570,982","171,231","484,569","343,589","189,501","41,218","41,218","148,283","154,088",,"140,980","8,757","8,757",,"-39,757",404,,"109,980","4,316",,"108,027","108,027","105,664","105,664","108,027",0,0,"214,745","222,859","140,980","514,820","108,027","146,790","8,757",,"8,757","140,980",,"171,231","13,982","108,027","-39,757","-39,757","194,719",0,-993.925,"-8,757",,"-40,161",,,,,,,,"2,363",,,,,,"40,161"
